City_ID,City,Country,Date,Lat,Lng,Max Temp,Humidity,Cloudiness,Wind Speed
0,Yellowknife,CA,2020-10-29 04:26:28,62.46,-114.35,21.2,85,90,11.41
1,Brae,GB,2020-10-29 04:26:28,60.4,-1.35,50.0,87,88,8.05
2,Jamestown,US,2020-10-29 04:26:28,42.1,-79.24,42.01,100,1,3.36
3,Moose Factory,CA,2020-10-29 04:26:28,51.26,-80.61,24.8,79,90,11.41
4,Punta Arenas,CL,2020-10-29 04:26:29,-53.15,-70.92,46.4,65,40,28.86
5,Yongchang,CN,2020-10-29 04:26:29,30.04,119.73,70.0,61,77,1.99
6,Kodiak,US,2020-10-29 04:23:57,57.79,-152.41,39.2,64,90,6.93
7,Busselton,AU,2020-10-29 04:26:29,-33.65,115.33,79.0,30,0,5.03
8,Isangel,VU,2020-10-29 04:26:30,-19.55,169.27,82.4,61,75,11.41
9,Barrow,US,2020-10-29 04:26:30,71.29,-156.79,21.2,79,90,10.29
10,Gamba,GA,2020-10-29 04:26:30,-2.65,10.0,75.74,91,95,5.35
11,Pombas,CV,2020-10-29 04:26:30,17.15,-25.02,77.0,83,20,25.28
12,Zyryanka,RU,2020-10-29 04:26:31,65.75,150.85,5.9,93,99,1.03
13,Nikolskoye,RU,2020-10-29 04:26:31,59.7,30.79,46.99,93,0,4.47
14,Atuona,PF,2020-10-29 04:26:31,-9.8,-139.03,77.95,72,4,13.98
15,Elverum,NO,2020-10-29 04:26:32,60.88,11.56,43.0,99,44,5.01
16,Khilok,RU,2020-10-29 04:26:32,51.37,110.47,42.51,58,95,1.36
17,Forestville,US,2020-10-29 04:26:32,38.85,-76.88,64.99,93,90,8.05
18,Orissaare,EE,2020-10-29 04:26:32,58.56,23.08,52.0,93,90,10.29
19,Lagunas,PE,2020-10-29 04:26:33,-5.23,-75.68,78.04,83,28,1.88
20,Tual,ID,2020-10-29 04:26:33,-5.67,132.75,82.58,72,97,4.9
21,Pacifica,US,2020-10-29 04:26:33,37.61,-122.49,61.0,41,1,12.75
22,Nome,US,2020-10-29 04:26:33,64.5,-165.41,26.01,79,1,1.16
23,Rikitea,PF,2020-10-29 04:26:34,-23.12,-134.97,74.68,82,92,10.49
24,New Norfolk,AU,2020-10-29 04:26:34,-42.78,147.06,63.0,39,20,11.41
25,Pokhara,NP,2020-10-29 04:22:45,28.23,83.98,75.92,33,0,3.67
26,Qandala,SO,2020-10-29 04:26:34,11.47,49.87,80.24,71,2,2.04
27,Yar-Sale,RU,2020-10-29 04:26:34,66.83,70.83,10.78,93,100,19.77
28,San Andres,CO,2020-10-29 04:26:35,12.58,-81.7,82.4,83,20,9.17
29,Pampas,PE,2020-10-29 04:26:35,-12.4,-74.9,51.75,67,91,0.47
30,Longyearbyen,SJ,2020-10-29 04:26:35,78.22,15.64,24.8,68,75,14.99
31,Takoradi,GH,2020-10-29 04:26:35,4.88,-1.76,76.41,90,27,4.23
32,Kavieng,PG,2020-10-29 04:26:36,-2.57,150.8,84.47,69,38,7.38
33,Usinsk,RU,2020-10-29 04:26:36,65.99,57.53,37.2,99,100,14.54
34,Ponta Delgada,PT,2020-10-29 04:26:36,37.73,-25.67,68.0,82,75,12.75
35,Kaniama,CD,2020-10-29 04:26:36,-7.57,24.18,66.18,96,70,3.27
36,Nossa Senhora Do Socorro,BR,2020-10-29 04:26:36,-10.86,-37.13,78.8,78,40,11.41
37,Harper,LR,2020-10-29 04:26:37,4.38,-7.72,77.18,90,99,5.86
38,Pudozh,RU,2020-10-29 04:26:37,61.81,36.53,43.7,95,81,10.42
39,Ushuaia,AR,2020-10-29 04:26:37,-54.8,-68.3,42.8,87,90,27.51
40,Lasa,IT,2020-10-29 04:26:37,46.62,10.7,42.01,86,5,6.93
41,Pringsewu,ID,2020-10-29 04:26:37,-5.36,104.97,90.61,51,55,4.5
42,Obihiro,JP,2020-10-29 04:26:38,42.92,143.2,53.6,62,75,11.41
43,Sorland,NO,2020-10-29 04:26:38,67.67,12.69,33.8,100,0,3.36
44,Esperance,AU,2020-10-29 04:26:38,-33.87,121.9,66.2,55,0,17.22
45,Mataura,NZ,2020-10-29 04:26:38,-46.19,168.86,66.99,65,40,4.0
46,Fairbanks,US,2020-10-29 04:26:38,64.84,-147.72,19.99,92,90,3.36
47,Dom Pedrito,BR,2020-10-29 04:26:39,-30.98,-54.67,55.83,76,65,10.63
48,Sidhauli,IN,2020-10-29 04:26:39,27.28,80.83,71.6,64,0,2.71
49,Bahia Blanca,AR,2020-10-29 04:26:39,-38.72,-62.27,49.53,49,4,13.62
50,Cabra,ES,2020-10-29 04:26:40,37.47,-4.44,55.0,93,0,1.12
51,Butaritari,KI,2020-10-29 04:26:40,3.07,172.79,81.52,73,63,1.63
52,Acapulco,MX,2020-10-29 04:25:05,16.86,-99.89,79.9,82,71,4.68
53,Samarai,PG,2020-10-29 04:26:40,-10.62,150.67,82.44,76,92,7.67
54,Dingle,PH,2020-10-29 04:26:41,11.0,122.67,85.62,78,21,8.81
55,Erenhot,CN,2020-10-29 04:26:41,43.65,111.98,49.62,36,59,10.47
56,Albany,US,2020-10-29 04:26:41,42.6,-73.97,46.0,100,97,4.41
57,Ambilobe,MG,2020-10-29 04:26:41,-13.2,49.05,80.04,57,0,5.14
58,Birin,NP,2020-10-29 04:26:42,26.89,88.07,70.32,45,0,2.24
59,Hithadhoo,MV,2020-10-29 04:26:42,-0.6,73.08,83.53,73,0,9.91
60,Tuktoyaktuk,CA,2020-10-29 04:26:42,69.45,-133.04,21.2,85,90,25.28
61,Kruisfontein,ZA,2020-10-29 04:26:42,-34.0,24.73,62.01,93,99,1.01
62,Tiksi,RU,2020-10-29 04:26:42,71.69,128.87,1.42,90,98,14.38
63,Bluff,NZ,2020-10-29 04:26:43,-46.6,168.33,66.99,65,47,4.0
64,Provideniya,RU,2020-10-29 04:26:43,64.38,-173.3,26.6,63,0,2.24
65,Isla Vista,US,2020-10-29 04:26:43,34.41,-119.86,61.0,62,1,3.36
66,Port Blair,IN,2020-10-29 04:26:43,11.67,92.75,83.95,70,64,5.66
67,Dombarovskiy,RU,2020-10-29 04:26:44,50.76,59.54,34.57,81,0,7.63
68,Saldanha,ZA,2020-10-29 04:26:44,-33.01,17.94,59.0,87,77,3.36
69,Nago,JP,2020-10-29 04:26:44,26.59,127.98,82.4,58,75,3.36
70,Hasaki,JP,2020-10-29 04:26:44,35.73,140.83,75.0,43,20,4.7
71,Loreto,MX,2020-10-29 04:26:45,22.27,-101.97,59.67,48,0,4.32
72,Kawalu,ID,2020-10-29 04:26:45,-7.38,108.21,83.89,69,89,4.12
73,Petrovsk-Zabaykalskiy,RU,2020-10-29 04:26:45,51.27,108.84,40.57,62,95,5.21
74,Ahipara,NZ,2020-10-29 04:26:45,-35.17,173.17,63.66,88,100,6.6
75,Antalaha,MG,2020-10-29 04:26:46,-14.9,50.28,75.16,83,37,7.16
76,Cidreira,BR,2020-10-29 04:26:46,-30.18,-50.21,65.52,89,40,6.24
77,Hilo,US,2020-10-29 04:26:46,19.73,-155.09,80.6,74,90,5.5
78,Henties Bay,NA,2020-10-29 04:23:19,-22.12,14.28,57.0,90,60,1.99
79,Alice Springs,AU,2020-10-29 04:26:29,-23.7,133.88,96.8,5,0,17.22
80,Hambantota,LK,2020-10-29 04:26:47,6.12,81.12,83.37,69,92,6.64
81,Xingcheng,CN,2020-10-29 04:26:48,40.62,120.72,55.85,45,100,9.48
82,Huanan,CN,2020-10-29 04:26:48,46.22,130.52,40.44,65,3,12.86
83,Lagoa,PT,2020-10-29 04:23:14,39.05,-27.98,67.3,87,34,17.22
84,Felanitx,ES,2020-10-29 04:26:48,39.47,3.15,52.0,87,20,3.36
85,Manggar,ID,2020-10-29 04:26:48,-2.88,108.27,86.16,65,52,9.37
86,Mount Isa,AU,2020-10-29 04:26:49,-20.73,139.5,91.4,6,0,9.17
87,Vanimo,PG,2020-10-29 04:26:49,-2.67,141.3,85.51,72,97,9.44
88,Alofi,NU,2020-10-29 04:26:49,-19.06,-169.92,75.2,64,25,17.22
89,Saint-Philippe,RE,2020-10-29 04:26:49,-21.36,55.77,77.0,65,20,18.34
90,Bilibino,RU,2020-10-29 04:26:50,68.05,166.44,-2.87,87,14,1.28
91,Villamontes,BO,2020-10-29 04:26:50,-21.25,-63.5,70.72,84,1,4.12
92,Qaanaaq,GL,2020-10-29 04:26:50,77.48,-69.36,7.52,73,2,9.42
93,Lebu,CL,2020-10-29 04:26:50,-37.62,-73.65,48.29,77,0,20.74
94,Port Alfred,ZA,2020-10-29 04:26:51,-33.59,26.89,66.56,85,98,8.21
95,Tripoli,LY,2020-10-29 04:22:42,32.88,13.19,68.38,66,29,12.15
96,Mamallapuram,IN,2020-10-29 04:26:51,12.63,80.17,75.2,100,90,8.05
97,Rio Grande,BR,2020-10-29 04:26:51,-32.03,-52.1,57.99,95,94,4.0
98,Kovdor,RU,2020-10-29 04:26:52,67.57,30.48,37.63,96,100,6.26
99,Kang,BW,2020-10-29 04:26:52,-23.68,22.79,73.56,25,0,7.34
100,Acajutla,SV,2020-10-29 04:26:52,13.59,-89.83,68.0,100,100,3.85
101,Hobart,AU,2020-10-29 04:23:15,-42.88,147.33,63.0,42,40,12.75
102,Avarua,CK,2020-10-29 04:26:53,-21.21,-159.78,73.4,83,36,8.05
103,Nemuro,JP,2020-10-29 04:26:53,43.32,145.57,50.0,93,75,10.29
104,Vardo,NO,2020-10-29 04:23:27,70.37,31.11,37.4,86,75,14.99
105,Egvekinot,RU,2020-10-29 04:26:53,66.32,-179.17,14.32,85,2,7.11
106,Davila,PH,2020-10-29 04:26:54,18.47,120.58,84.2,83,75,6.93
107,Krasnogorskiy,RU,2020-10-29 04:26:54,54.6,61.23,32.77,87,36,7.72
108,Matara,LK,2020-10-29 04:26:54,5.95,80.54,84.7,67,93,7.34
109,Atasu,KZ,2020-10-29 04:26:54,48.68,71.64,29.93,90,100,10.16
110,Haines Junction,CA,2020-10-29 04:26:55,60.75,-137.51,26.6,86,99,2.19
111,Carnarvon,AU,2020-10-29 04:26:55,-24.87,113.63,75.2,69,25,9.17
112,Victoria,HK,2020-10-29 04:26:45,22.29,114.16,79.0,70,97,11.25
113,Guerrero Negro,MX,2020-10-29 04:26:55,27.98,-114.06,66.09,55,0,11.32
114,Magadan,RU,2020-10-29 04:26:55,59.57,150.8,31.69,86,100,4.61
115,Cape Town,ZA,2020-10-29 04:26:56,-33.93,18.42,59.0,93,75,9.17
116,Port Hardy,CA,2020-10-29 04:22:27,50.7,-127.42,50.0,100,90,8.05
117,Zhezkazgan,KZ,2020-10-29 04:26:56,47.8,67.71,32.25,85,80,6.42
118,Bethel,US,2020-10-29 04:26:56,41.37,-73.41,48.0,93,1,3.4
119,Vaini,TO,2020-10-29 04:26:57,-21.2,-175.2,75.2,73,40,10.29
120,Pemangkat,ID,2020-10-29 04:26:57,1.17,108.97,87.73,63,1,5.88
121,Ayagoz,KZ,2020-10-29 04:26:57,47.97,80.44,30.07,96,100,4.81
122,Geraldton,AU,2020-10-29 04:26:57,-28.77,114.6,96.8,15,0,11.41
123,Vostok,RU,2020-10-29 04:26:58,46.49,135.88,29.8,99,100,11.52
124,Hanzhong,CN,2020-10-29 04:26:58,33.07,107.03,60.94,60,7,2.68
125,Korla,CN,2020-10-29 04:26:58,41.76,86.15,53.1,39,100,10.71
126,Berdigestyakh,RU,2020-10-29 04:26:58,62.1,126.7,8.04,89,32,4.36
127,Birjand,IR,2020-10-29 04:26:59,32.87,59.22,44.6,28,0,11.41
128,Hermanus,ZA,2020-10-29 04:26:59,-34.42,19.23,57.0,89,100,5.01
129,Amapa,BR,2020-10-29 04:26:59,1.0,-52.0,72.52,97,44,2.21
130,Chokurdakh,RU,2020-10-29 04:22:43,70.63,147.92,-3.21,91,45,7.25
131,Coihaique,CL,2020-10-29 04:25:09,-45.58,-72.07,39.2,85,0,3.36
132,San Quintin,MX,2020-10-29 04:27:00,30.48,-115.95,62.11,54,0,4.63
133,San Luis,AR,2020-10-29 04:26:52,-33.3,-66.34,50.63,47,0,2.33
134,Arraial Do Cabo,BR,2020-10-29 04:27:01,-22.97,-42.03,74.5,94,1,4.05
135,Anadyr,RU,2020-10-29 04:24:03,64.75,177.48,12.2,85,20,6.71
136,Tuatapere,NZ,2020-10-29 04:27:01,-46.13,167.68,66.99,65,15,4.0
137,Iqaluit,CA,2020-10-29 04:27:01,63.75,-68.51,17.6,61,90,11.41
138,Touros,BR,2020-10-29 04:27:01,-5.2,-35.46,77.0,83,40,6.93
139,Merauke,ID,2020-10-29 04:27:02,-8.47,140.33,84.92,66,25,11.36
140,Caravelas,BR,2020-10-29 04:27:02,-17.71,-39.25,77.54,85,100,11.59
141,Aklavik,CA,2020-10-29 04:27:02,68.22,-135.01,21.2,62,95,11.41
142,Upata,VE,2020-10-29 04:27:02,8.01,-62.4,80.01,84,20,4.0
143,Mount Gambier,AU,2020-10-29 04:27:03,-37.83,140.77,55.4,93,90,6.93
144,College,US,2020-10-29 04:27:03,64.86,-147.8,19.99,85,90,1.21
145,Macapa,BR,2020-10-29 04:26:19,0.04,-51.07,82.4,83,20,4.7
146,Saskylakh,RU,2020-10-29 04:22:39,71.92,114.08,-0.35,89,63,6.49
147,Half Moon Bay,US,2020-10-29 04:25:37,37.46,-122.43,60.8,51,5,3.36
148,Puerto Ayora,EC,2020-10-29 04:27:04,-0.74,-90.35,68.22,89,66,7.54
149,Bulaevo,KZ,2020-10-29 04:27:04,54.91,70.44,33.39,93,100,12.91
150,Dikson,RU,2020-10-29 04:27:04,73.51,80.55,2.89,88,5,19.19
151,Severo-Kurilsk,RU,2020-10-29 04:27:05,50.68,156.12,44.73,76,97,6.31
152,Atbasar,KZ,2020-10-29 04:27:05,51.8,68.33,33.51,86,84,12.33
153,Juneau,US,2020-10-29 04:27:05,58.3,-134.42,41.0,93,90,6.93
154,San Patricio,US,2020-10-29 04:27:05,28.02,-97.52,51.8,71,1,1.68
155,Manokwari,ID,2020-10-29 04:27:05,-0.87,134.08,84.74,69,68,3.15
156,Libreville,GA,2020-10-29 04:27:06,0.39,9.45,77.0,94,75,6.93
157,Pacific Grove,US,2020-10-29 04:24:00,36.62,-121.92,55.0,46,1,4.7
158,Lorengau,PG,2020-10-29 04:27:06,-2.02,147.27,84.09,74,61,4.43
159,Sibolga,ID,2020-10-29 04:27:06,1.74,98.78,86.45,59,100,5.28
160,Santa Rosalia,MX,2020-10-29 04:23:11,27.32,-112.28,62.56,49,1,7.11
161,Avera,US,2020-10-29 04:27:07,33.19,-82.53,75.2,91,90,8.05
162,Leningradskiy,RU,2020-10-29 04:27:07,69.38,178.42,16.84,90,61,14.12
163,The Valley,AI,2020-10-29 04:27:07,18.22,-63.06,77.0,88,75,13.87
164,Mar Del Plata,AR,2020-10-29 04:25:30,-38.0,-57.56,51.01,81,0,8.05
165,Kettering,US,2020-10-29 04:27:07,39.69,-84.17,51.01,100,90,5.28
166,Flinders,AU,2020-10-29 04:27:08,-34.58,150.86,70.0,73,85,1.01
167,La Puebla Del Rio,ES,2020-10-29 04:27:08,37.27,-6.06,61.0,84,0,8.95
168,Plettenberg Bay,ZA,2020-10-29 04:27:08,-34.05,23.37,61.61,84,100,0.78
169,Beringovskiy,RU,2020-10-29 04:27:08,63.05,179.32,26.58,89,9,11.79
170,Byron Bay,AU,2020-10-29 04:25:14,-28.65,153.62,73.0,88,75,11.41
171,Khatanga,RU,2020-10-29 04:27:09,71.97,102.5,0.46,88,0,9.66
172,Djibo,BF,2020-10-29 04:27:09,14.1,-1.63,75.18,18,0,3.29
173,Pevek,RU,2020-10-29 04:27:09,69.7,170.31,19.08,95,100,15.52
174,Kamaishi,JP,2020-10-29 04:27:09,39.27,141.88,59.0,54,40,14.99
175,Mon,IN,2020-10-29 04:27:10,26.75,95.1,81.73,57,8,3.51
176,Airai,TL,2020-10-29 04:22:24,-8.93,125.41,78.44,54,27,4.68
177,Bam,IR,2020-10-29 04:27:10,29.11,58.36,67.14,23,0,10.89
178,Kerman,IR,2020-10-29 04:23:54,30.28,57.08,42.8,28,0,4.7
179,Muros,ES,2020-10-29 04:27:11,42.78,-9.06,55.99,94,57,6.53
180,Kapaa,US,2020-10-29 04:27:11,22.08,-159.32,75.2,83,90,5.82
181,Khandyga,RU,2020-10-29 04:27:11,62.67,135.6,14.23,94,100,3.74
182,Bengkulu,ID,2020-10-29 04:27:11,-3.8,102.27,84.02,65,99,4.85
183,Vila Velha,BR,2020-10-29 04:27:12,-20.33,-40.29,81.0,78,90,12.75
184,Santa Cruz,BO,2020-10-29 04:27:12,-17.8,-63.17,77.0,83,28,9.17
185,Tasiilaq,GL,2020-10-29 04:27:12,65.61,-37.64,35.6,34,100,20.8
186,Madhoganj,IN,2020-10-29 04:27:13,27.12,80.15,78.94,24,0,2.15
187,Vanavara,RU,2020-10-29 04:27:13,60.34,102.28,25.3,97,100,5.14
188,Katobu,ID,2020-10-29 04:27:13,-4.94,122.53,93.4,46,21,6.67
189,Pochutla,MX,2020-10-29 04:27:13,15.74,-96.47,78.01,92,84,3.09
190,Sfantu Gheorghe,RO,2020-10-29 04:27:13,45.87,25.78,43.0,91,46,0.98
191,Riyadh,SA,2020-10-29 04:23:21,24.69,46.72,59.0,25,0,1.66
192,Chernyshevskiy,RU,2020-10-29 04:27:14,63.01,112.47,7.63,90,100,11.5
193,Ewa Beach,US,2020-10-29 04:27:14,21.32,-158.01,80.01,74,90,3.36
194,Nakonde,ZM,2020-10-29 04:27:14,-9.34,32.74,62.38,73,58,2.28
195,Pahrump,US,2020-10-29 04:27:15,36.21,-115.98,55.99,25,0,1.01
196,Moyale,KE,2020-10-29 04:27:15,3.52,39.06,66.61,92,84,9.04
197,Bredasdorp,ZA,2020-10-29 04:27:15,-34.53,20.04,62.6,67,100,6.93
198,Ponta Do Sol,PT,2020-10-29 04:27:15,32.67,-17.1,66.2,77,40,10.29
199,Aparecida Do Taboado,BR,2020-10-29 04:27:16,-20.09,-51.09,74.89,82,10,4.21
200,Canutama,BR,2020-10-29 04:26:27,-6.53,-64.38,76.19,91,86,2.59
201,Fortuna,US,2020-10-29 04:27:16,40.6,-124.16,50.0,81,1,6.93
202,Cherskiy,RU,2020-10-29 04:27:16,68.75,161.3,3.92,93,68,2.44
203,Laguna,US,2020-10-29 04:27:16,38.42,-121.42,57.99,58,1,1.77
204,Pisco,PE,2020-10-29 04:27:17,-13.7,-76.22,63.0,82,0,11.41
205,Plonsk,PL,2020-10-29 04:27:17,52.62,20.38,48.99,100,75,4.7
206,Kota Kinabalu,MY,2020-10-29 04:27:17,5.97,116.07,89.6,66,20,4.7
207,Yoichi,JP,2020-10-29 04:27:17,43.2,140.77,53.6,54,75,10.29
208,Bonthe,SL,2020-10-29 04:27:17,7.53,-12.51,78.21,85,99,5.14
209,Garissa,KE,2020-10-29 04:27:18,-0.45,39.64,78.06,74,85,13.27
210,Hofn,IS,2020-10-29 04:27:18,64.25,-15.21,44.22,83,97,23.67
211,Moron,AR,2020-10-29 04:27:18,-34.65,-58.62,54.0,93,0,6.64
212,Derzhavinsk,KZ,2020-10-29 04:27:18,51.1,66.32,34.11,84,40,13.0
213,Aykhal,RU,2020-10-29 04:27:19,66.0,111.5,-1.7,88,16,2.42
214,Ndele,CF,2020-10-29 04:22:32,8.41,20.65,70.86,73,35,2.64
215,Faanui,PF,2020-10-29 04:27:19,-16.48,-151.75,79.83,80,26,13.27
216,Tautira,PF,2020-10-29 04:27:19,-17.73,-149.15,75.2,88,75,8.05
217,Sitka,US,2020-10-29 04:27:19,57.05,-135.33,41.0,86,40,5.82
218,Lakes Entrance,AU,2020-10-29 04:27:20,-37.88,147.98,70.0,79,5,5.99
219,San Cristobal,VE,2020-10-29 04:22:59,7.77,-72.22,67.08,86,98,1.36
220,Savannakhet,LA,2020-10-29 04:27:20,16.57,104.75,80.6,74,75,4.7
221,Machico,PT,2020-10-29 04:27:21,32.7,-16.77,66.2,77,40,10.29
222,Saint Pete Beach,US,2020-10-29 04:27:21,27.73,-82.74,81.0,94,1,11.41
223,Ust-Karsk,RU,2020-10-29 04:27:21,52.7,118.81,36.93,66,76,2.13
224,Jiwani,PK,2020-10-29 04:27:21,25.05,61.74,77.79,26,0,11.27
225,Baykit,RU,2020-10-29 04:27:22,61.67,96.37,27.01,94,99,9.31
226,Ndola,ZM,2020-10-29 04:27:22,-12.96,28.64,62.6,72,50,4.76
227,Tiznit,MA,2020-10-29 04:27:22,29.58,-9.5,68.43,32,94,7.72
228,Georgetown,MY,2020-10-29 04:27:04,5.41,100.34,86.0,79,20,4.7
229,Kampene,CD,2020-10-29 04:27:22,-3.6,26.67,67.91,98,100,1.66
230,Taoudenni,ML,2020-10-29 04:27:23,22.68,-3.98,76.84,18,5,12.64
231,Sao Filipe,CV,2020-10-29 04:27:23,14.9,-24.5,79.0,79,3,1.66
232,Qaqortoq,GL,2020-10-29 04:27:23,60.72,-46.03,30.2,80,100,1.12
233,Mandalgovi,MN,2020-10-29 04:27:23,45.76,106.27,48.69,41,0,20.07
234,Malakal,SS,2020-10-29 04:27:23,9.53,31.66,74.82,78,0,2.33
235,Sokoto,NG,2020-10-29 04:27:24,13.06,5.24,76.37,24,0,6.11
236,Rosarito,MX,2020-10-29 04:27:24,32.33,-117.03,66.2,82,5,6.8
237,Sola,VU,2020-10-29 04:27:24,-13.88,167.55,80.51,79,13,19.24
238,Halmstad,SE,2020-10-29 04:27:24,56.67,12.86,50.0,87,87,9.17
239,Castro,BR,2020-10-29 04:27:24,-24.79,-50.01,60.39,49,0,2.39
240,Westport,US,2020-10-29 04:27:25,41.14,-73.36,52.0,93,1,5.97
241,Imeni Poliny Osipenko,RU,2020-10-29 04:27:25,52.42,136.49,39.58,72,57,8.16
242,Grand Gaube,MU,2020-10-29 04:27:25,-20.01,57.66,79.0,53,44,8.99
243,Porto Novo,BJ,2020-10-29 04:27:26,6.5,2.6,80.6,88,40,6.93
244,Mayo,US,2020-10-29 04:27:26,38.89,-76.51,62.01,87,90,5.82
245,Beira,MZ,2020-10-29 04:27:26,-19.84,34.84,71.6,100,20,4.7
246,Makakilo City,US,2020-10-29 04:27:26,21.35,-158.09,80.01,74,90,3.36
247,Bandarbeyla,SO,2020-10-29 04:27:26,9.49,50.81,79.0,74,0,3.22
248,Goderich,CA,2020-10-29 04:27:27,43.75,-81.72,48.2,57,100,9.17
249,Banda Aceh,ID,2020-10-29 04:27:27,5.56,95.32,86.05,58,100,11.99
250,Ribeira Grande,PT,2020-10-29 04:27:27,38.52,-28.7,68.67,87,84,22.08
251,Lazaro Cardenas,MX,2020-10-29 04:27:27,17.96,-102.2,78.55,87,3,3.76
252,Nabire,ID,2020-10-29 04:24:56,-3.37,135.48,89.31,53,83,5.28
253,Zhigansk,RU,2020-10-29 04:27:28,66.77,123.37,-5.51,90,15,3.58
254,Sur,OM,2020-10-29 04:27:28,22.57,59.53,78.46,45,0,0.92
255,Bodden Town,KY,2020-10-29 04:27:28,19.28,-81.25,82.99,83,40,5.82
256,Belyy Yar,RU,2020-10-29 04:23:28,53.6,91.39,37.4,47,0,17.9
257,Pangnirtung,CA,2020-10-29 04:27:28,66.15,-65.71,9.12,81,62,4.43
258,Hamilton,US,2020-10-29 04:27:29,39.18,-84.53,52.0,93,90,8.05
259,Lokosovo,RU,2020-10-29 04:27:29,61.13,74.82,11.1,90,59,5.84
260,Mikuni,JP,2020-10-29 04:27:29,36.22,136.15,62.6,48,20,10.29
261,Dubbo,AU,2020-10-29 04:27:30,-32.25,148.62,75.2,38,75,4.7
262,Olafsvik,IS,2020-10-29 04:27:30,64.89,-23.71,42.48,71,85,27.6
263,Chapais,CA,2020-10-29 04:25:10,49.78,-74.85,26.6,86,90,12.75
264,Udachnyy,RU,2020-10-29 04:27:30,66.42,112.4,-4.29,89,0,2.17
265,La Crosse,US,2020-10-29 04:27:30,43.8,-91.24,39.99,69,1,5.82
266,Lewiston,US,2020-10-29 04:26:11,44.1,-70.21,37.4,93,90,3.49
267,Mahebourg,MU,2020-10-29 04:27:31,-20.41,57.7,79.0,53,62,8.99
268,Cap Malheureux,MU,2020-10-29 04:27:31,-19.98,57.61,79.0,53,40,8.99
269,Waddan,LY,2020-10-29 04:27:31,29.16,16.14,54.61,84,0,2.82
270,Puerto Leguizamo,CO,2020-10-29 04:27:31,-0.19,-74.78,76.48,88,100,3.56
271,Nevelsk,RU,2020-10-29 04:27:32,46.67,141.86,48.2,87,40,8.95
272,Southampton,GB,2020-10-29 04:27:32,50.9,-1.4,51.01,90,97,12.8
273,Talcahuano,CL,2020-10-29 04:27:32,-36.72,-73.12,50.0,81,0,9.17
274,Teguise,ES,2020-10-29 04:27:32,29.06,-13.56,68.0,72,0,6.93
275,Paracuru,BR,2020-10-29 04:27:32,-3.41,-39.03,80.01,73,60,24.0
276,Witu,KE,2020-10-29 04:27:33,-2.39,40.44,80.6,78,75,6.93
277,Thompson,CA,2020-10-29 04:27:33,55.74,-97.86,-2.2,84,5,2.24
278,Godfrey,US,2020-10-29 04:27:33,38.96,-90.19,46.99,100,90,3.36
279,Shitkino,RU,2020-10-29 04:27:33,56.37,98.35,37.36,74,35,11.45
280,Ola,RU,2020-10-29 04:23:08,59.58,151.28,31.51,86,99,3.74
281,Boende,CD,2020-10-29 04:27:34,-0.22,20.87,69.62,98,100,2.06
282,Volovo,UA,2020-10-29 04:27:34,48.52,23.51,41.0,97,99,15.01
283,Abong Mbang,CM,2020-10-29 04:27:34,3.98,13.18,66.97,98,98,0.92
284,Bubaque,GW,2020-10-29 04:27:34,11.28,-15.83,82.8,75,48,8.23
285,Narrabri,AU,2020-10-29 04:27:34,-30.32,149.78,75.2,38,40,5.82
286,Vila Franca Do Campo,PT,2020-10-29 04:27:35,37.72,-25.43,68.0,82,75,12.75
287,Great Yarmouth,GB,2020-10-29 04:27:35,52.61,1.73,44.01,98,0,1.99
288,Yeppoon,AU,2020-10-29 04:27:35,-23.13,150.73,87.8,20,0,9.17
289,Shelburne,CA,2020-10-29 04:26:28,44.08,-80.2,39.0,71,97,8.43
290,Hami,CN,2020-10-29 04:27:35,42.8,93.45,53.17,36,98,0.4
291,Ulladulla,AU,2020-10-29 04:27:36,-35.35,150.47,68.0,64,75,9.17
292,Rawson,AR,2020-10-29 04:27:36,-43.3,-65.1,47.53,53,0,6.71
293,Xining,CN,2020-10-29 04:27:36,36.62,101.77,46.24,46,0,0.96
294,Ilam,NP,2020-10-29 04:27:36,26.92,87.92,73.49,39,0,1.54
295,Kiruna,SE,2020-10-29 04:27:37,67.86,20.23,21.2,100,100,3.58
296,Riverton,US,2020-10-29 04:27:37,40.52,-111.94,39.2,64,1,0.74
297,Orichi,RU,2020-10-29 04:27:37,58.4,49.06,31.42,98,86,7.63
298,Port Elizabeth,ZA,2020-10-29 04:27:37,-33.92,25.57,62.6,93,20,3.36
299,Lee,US,2020-10-29 04:27:37,26.57,-81.88,79.0,88,1,6.93
300,Skibbereen,IE,2020-10-29 04:27:38,51.55,-9.27,51.8,100,75,23.04
301,Husavik,IS,2020-10-29 04:27:38,66.04,-17.34,41.0,75,20,13.87
302,Chuy,UY,2020-10-29 04:27:38,-33.7,-53.46,56.3,76,58,12.66
303,Envira,BR,2020-10-29 04:27:38,-7.3,-70.22,76.21,86,19,2.57
304,Orange,US,2020-10-29 04:26:47,33.7,-117.77,64.4,72,1,2.08
305,Pombia,IT,2020-10-29 04:27:39,45.65,8.63,46.99,87,0,5.82
306,Union,US,2020-10-29 04:27:39,40.63,-74.27,55.99,87,40,5.35
307,Chicama,PE,2020-10-29 04:27:39,-7.84,-79.15,63.48,80,96,6.31
308,Bambous Virieux,MU,2020-10-29 04:27:39,-20.34,57.76,79.0,53,49,8.99
309,Tilichiki,RU,2020-10-29 04:23:07,60.47,166.1,26.76,89,0,4.63
310,Saint Anthony,US,2020-10-29 04:27:40,45.02,-93.22,39.99,86,75,6.93
311,Ancud,CL,2020-10-29 04:27:40,-41.87,-73.82,43.0,86,25,4.7
312,Luderitz,NA,2020-10-29 04:27:40,-26.65,15.16,62.22,53,100,12.44
313,Manuk Mangkaw,PH,2020-10-29 04:27:40,4.8,119.85,84.11,66,98,3.78
314,San Carlos De Bariloche,AR,2020-10-29 04:25:29,-41.15,-71.31,32.0,93,0,4.7
315,Butte,US,2020-10-29 04:27:41,39.65,-121.57,61.0,44,1,5.1
316,Hobyo,SO,2020-10-29 04:27:41,5.35,48.53,79.77,76,48,4.59
317,Pouembout,NC,2020-10-29 04:27:41,-21.13,164.9,82.31,53,47,6.53
318,Viedma,AR,2020-10-29 04:27:42,-40.81,-63.0,46.11,56,0,7.96
319,Bosaso,SO,2020-10-29 04:27:42,11.28,49.18,80.2,64,11,1.36
320,Ishigaki,JP,2020-10-29 04:23:16,24.34,124.16,82.4,65,20,17.22
321,Bentiu,SS,2020-10-29 04:27:42,9.23,29.83,73.47,78,0,2.82
322,Palora,EC,2020-10-29 04:27:42,-1.7,-77.93,68.95,92,97,2.84
323,Saurimo,AO,2020-10-29 04:27:43,-9.66,20.39,64.63,97,100,3.2
324,Marsabit,KE,2020-10-29 04:27:43,2.33,37.99,64.06,86,64,17.52
325,Grand-Santi,GF,2020-10-29 04:27:43,4.25,-54.38,75.9,81,34,2.75
326,La Ronge,CA,2020-10-29 04:26:01,55.1,-105.28,26.6,86,99,5.82
327,Camabatela,AO,2020-10-29 04:27:44,-8.19,15.38,64.17,100,96,5.84
328,Nipawin,CA,2020-10-29 04:27:44,53.37,-104.0,26.6,86,90,9.17
329,Darhan,MN,2020-10-29 04:27:44,49.49,105.92,41.5,59,67,2.64
330,Luwuk,ID,2020-10-29 04:27:44,-0.95,122.79,88.32,53,59,2.57
331,Hovd,MN,2020-10-29 04:23:25,48.01,91.64,41.68,55,0,7.05
332,Verkhoyansk,RU,2020-10-29 04:27:45,67.54,133.38,5.65,92,100,2.19
333,Zandvoort,NL,2020-10-29 04:27:45,52.37,4.53,50.0,76,20,16.11
334,Srednekolymsk,RU,2020-10-29 04:27:45,67.45,153.68,8.42,94,60,5.86
335,Wamba,NG,2020-10-29 04:27:46,8.93,8.6,71.08,45,32,3.33
336,Suda,RU,2020-10-29 04:27:46,59.15,37.56,48.2,87,90,8.95
337,Lumding,IN,2020-10-29 04:27:46,25.75,93.17,84.27,64,17,2.28
338,Arvika,SE,2020-10-29 04:27:46,59.66,12.59,46.4,93,99,10.29
339,Waingapu,ID,2020-10-29 04:26:03,-9.66,120.26,88.7,59,31,12.73
340,Dunedin,NZ,2020-10-29 04:26:20,-45.87,170.5,52.0,85,100,1.01
341,Ampanihy,MG,2020-10-29 04:27:47,-24.7,44.75,72.21,69,0,14.14
342,Pucallpa,PE,2020-10-29 04:27:47,-8.38,-74.55,81.03,66,71,2.82
343,Turukhansk,RU,2020-10-29 04:27:48,65.82,87.98,12.85,92,100,14.72
344,Dadri,IN,2020-10-29 04:27:48,28.57,77.55,69.8,56,0,1.5
345,Nola,IT,2020-10-29 04:27:48,40.92,14.53,55.99,93,0,2.24
346,Luganville,VU,2020-10-29 04:27:48,-15.53,167.17,84.2,70,75,6.93
347,Krasnoselkup,RU,2020-10-29 04:27:49,65.7,82.47,1.42,93,41,8.84
348,Kamenka,RU,2020-10-29 04:27:49,51.32,42.77,33.39,84,0,10.42
349,Troitskoye,RU,2020-10-29 04:27:49,52.98,84.68,27.27,90,100,14.63
350,Montepuez,MZ,2020-10-29 04:27:49,-13.13,39.0,70.72,85,24,2.62
351,Katsuura,JP,2020-10-29 04:23:06,35.13,140.3,75.0,37,20,8.05
352,Lakhnadon,IN,2020-10-29 04:27:50,22.6,79.6,77.25,47,0,2.17
353,Coshocton,US,2020-10-29 04:27:50,40.27,-81.86,50.0,93,100,1.61
354,Pershotravneve,UA,2020-10-29 04:27:50,51.39,28.87,42.96,90,65,3.74
355,East London,ZA,2020-10-29 04:27:50,-33.02,27.91,66.2,93,90,12.75
356,Naryan-Mar,RU,2020-10-29 04:27:51,67.67,53.09,38.26,92,100,15.75
357,Atlantic Beach,US,2020-10-29 04:27:51,30.33,-81.4,79.0,88,75,12.75
358,Norton,ZW,2020-10-29 04:27:51,-17.88,30.7,62.01,66,0,8.01
359,Kunashak,RU,2020-10-29 04:27:51,55.7,61.55,37.4,59,0,13.42
360,Alfreton,GB,2020-10-29 04:27:52,53.1,-1.39,44.6,81,0,9.17
361,Nanortalik,GL,2020-10-29 04:27:52,60.14,-45.24,32.47,94,100,7.87
362,Ivanishchi,RU,2020-10-29 04:27:52,55.77,40.43,35.44,86,0,6.76
363,La Union,PE,2020-10-29 04:27:52,-5.4,-80.75,66.87,74,46,11.27
364,Flin Flon,CA,2020-10-29 04:27:52,54.77,-101.86,17.29,89,79,3.89
365,Sim,RU,2020-10-29 04:27:53,54.99,57.7,31.19,92,92,7.92
366,Saravena,CO,2020-10-29 04:27:53,6.95,-71.88,73.18,82,97,2.53
367,Gumdag,TM,2020-10-29 04:27:53,39.21,54.59,45.59,47,100,30.31
368,Souillac,MU,2020-10-29 04:27:53,-20.52,57.52,79.0,53,85,8.99
369,Kangaatsiaq,GL,2020-10-29 04:27:53,68.31,-53.46,22.1,93,98,7.43
370,Los Llanos De Aridane,ES,2020-10-29 04:27:54,28.66,-17.92,69.8,73,75,11.41
371,Tiarei,PF,2020-10-29 04:27:54,-17.53,-149.33,75.2,88,75,8.05
372,Buala,SB,2020-10-29 04:23:17,-8.14,159.59,78.28,87,100,1.57
373,Amazar,RU,2020-10-29 04:27:54,53.86,120.88,30.81,79,13,2.01
374,Talnakh,RU,2020-10-29 04:27:55,69.49,88.4,1.06,73,1,4.85
375,Evensk,RU,2020-10-29 04:27:55,61.95,159.23,26.89,79,0,5.59
376,Mumford,GH,2020-10-29 04:27:55,5.26,-0.76,76.84,90,12,6.38
377,Itarema,BR,2020-10-29 04:27:55,-2.92,-39.92,77.88,82,25,12.86
378,Birao,CF,2020-10-29 04:27:55,10.28,22.79,71.02,44,0,2.64
379,Menongue,AO,2020-10-29 04:27:56,-14.66,17.69,63.14,87,91,0.94
380,Narsaq,GL,2020-10-29 04:27:56,60.92,-46.05,30.2,80,100,1.12
381,Aloleng,PH,2020-10-29 04:27:56,16.13,119.78,84.92,70,100,6.55
382,Komsomolskiy,UZ,2020-10-29 04:27:56,40.43,71.72,41.0,44,14,9.17
383,Sumbuya,SL,2020-10-29 04:27:57,7.65,-11.96,74.41,95,100,2.28
384,Bereda,ES,2020-10-29 04:27:57,43.27,-7.54,48.99,100,45,2.82
385,Patitirion,GR,2020-10-29 04:27:57,39.15,23.87,62.6,77,40,3.36
386,Yulara,AU,2020-10-29 04:27:57,-25.24,130.99,100.4,9,0,16.11
387,Elizabeth City,US,2020-10-29 04:26:41,36.29,-76.25,69.8,88,1,6.93
388,Tazovskiy,RU,2020-10-29 04:23:13,67.47,78.7,-3.46,88,0,8.79
389,Shingu,JP,2020-10-29 04:27:58,33.73,135.98,71.6,40,20,11.41
390,Alingsas,SE,2020-10-29 04:27:58,57.93,12.53,46.0,100,75,8.05
391,Faya,SA,2020-10-29 04:27:58,18.39,42.45,51.8,32,0,5.82
392,Martinopolis,BR,2020-10-29 04:27:59,-22.15,-51.17,75.2,73,0,6.93
393,Ketchikan,US,2020-10-29 04:27:59,55.34,-131.65,41.0,100,1,1.59
394,Kabanjahe,ID,2020-10-29 04:27:59,3.1,98.49,78.96,51,88,3.42
395,Nouadhibou,MR,2020-10-29 04:27:59,20.93,-17.03,68.0,68,100,20.8
396,Waipawa,NZ,2020-10-29 04:28:00,-41.41,175.52,59.0,87,100,5.82
397,Kavaratti,IN,2020-10-29 04:28:00,10.57,72.64,82.15,73,67,5.84
398,Ilulissat,GL,2020-10-29 04:28:00,69.22,-51.1,17.6,52,100,8.05
399,Saryg-Sep,RU,2020-10-29 04:28:00,51.5,95.6,34.5,83,100,1.16
400,Honningsvag,NO,2020-10-29 04:28:01,70.98,25.97,33.8,86,40,10.29
401,Camacha,PT,2020-10-29 04:28:01,33.08,-16.33,66.2,72,40,5.82
402,Puerto Vallarta,MX,2020-10-29 04:25:19,20.62,-105.23,80.6,78,75,2.46
403,Bonavista,CA,2020-10-29 04:28:01,48.65,-53.11,28.99,86,100,5.82
404,Homer,US,2020-10-29 04:26:08,59.64,-151.55,37.99,69,1,5.82
405,Bilma,NE,2020-10-29 04:28:02,18.69,12.92,68.27,22,0,6.71
406,Salalah,OM,2020-10-29 04:28:02,17.02,54.09,80.6,65,20,2.24
407,Moree,AU,2020-10-29 04:25:08,-29.47,149.85,80.6,24,40,8.81
408,Olinda,BR,2020-10-29 04:28:03,-8.01,-34.86,80.6,69,75,9.17
409,Kon Tum,VN,2020-10-29 04:26:21,14.35,108.0,77.95,77,92,3.76
410,Sao Joao Da Barra,BR,2020-10-29 04:28:03,-21.64,-41.05,75.52,93,0,12.86
411,Baturaja,ID,2020-10-29 04:28:03,-4.13,104.17,91.92,51,79,2.68
412,Kolyshley,RU,2020-10-29 04:28:03,52.7,44.54,30.99,55,0,7.36
413,Port Augusta,AU,2020-10-29 04:28:04,-32.5,137.77,68.0,64,40,17.22
414,Medford,US,2020-10-29 04:24:59,42.33,-122.88,53.6,46,1,2.3
415,Beloha,MG,2020-10-29 04:28:04,-25.17,45.05,72.75,69,5,18.59
416,Pyay,MM,2020-10-29 04:28:04,18.82,95.22,84.02,78,100,9.42
417,Saint-Pierre,RE,2020-10-29 04:28:01,-21.34,55.48,77.0,65,20,18.34
418,Tres Arroyos,AR,2020-10-29 04:28:05,-38.37,-60.28,44.83,79,11,11.97
419,Agadez,NE,2020-10-29 04:28:05,19.75,10.25,66.72,25,0,9.26
420,Breyten,ZA,2020-10-29 04:28:05,-26.3,29.99,56.7,56,0,4.76
421,Sisimiut,GL,2020-10-29 04:28:05,66.94,-53.67,18.9,87,76,7.07
422,Mizdah,LY,2020-10-29 04:28:05,31.45,12.98,50.18,80,0,2.71
423,Russellville,US,2020-10-29 04:28:06,35.28,-93.13,53.01,100,90,4.7
424,Palu,ID,2020-10-29 04:23:54,-0.89,119.87,87.33,66,94,3.83
425,Singapore,SG,2020-10-29 04:26:40,1.29,103.85,89.6,66,75,9.17
426,Innisfail,AU,2020-10-29 04:28:06,-17.53,146.03,82.0,55,0,5.99
427,Duku,NG,2020-10-29 04:28:06,11.24,4.91,73.44,35,0,3.2
428,Kysyl-Syr,RU,2020-10-29 04:28:07,63.9,122.76,4.32,89,40,3.06
429,Eureka,US,2020-10-29 04:28:07,40.8,-124.16,50.0,81,1,4.7
430,Kenai,US,2020-10-29 04:28:07,60.55,-151.26,28.0,79,1,5.82
431,Luanda,AO,2020-10-29 04:28:07,-8.84,13.23,73.4,94,75,6.93
432,Naze,JP,2020-10-29 04:28:07,28.37,129.48,78.8,65,75,8.05
433,Clyde River,CA,2020-10-29 04:28:08,70.47,-68.59,17.6,85,90,20.8
434,Akyab,MM,2020-10-29 04:28:08,20.15,92.9,84.18,71,100,4.56
435,Hirara,JP,2020-10-29 04:28:08,24.8,125.28,82.4,65,20,14.99
436,Sistranda,NO,2020-10-29 04:28:08,63.73,8.83,42.8,87,0,8.05
437,Illapel,CL,2020-10-29 04:28:08,-31.63,-71.17,52.09,69,0,1.36
438,Uyskoye,RU,2020-10-29 04:28:09,54.38,60.0,34.7,78,89,5.95
439,Brownsville,US,2020-10-29 04:27:31,25.9,-97.5,60.8,71,1,6.2
440,Fallon,US,2020-10-29 04:28:09,39.47,-118.78,44.01,30,1,5.82
441,Nakanojo,JP,2020-10-29 04:28:09,36.58,138.85,64.0,34,9,5.99
442,Klaksvik,FO,2020-10-29 04:28:09,62.23,-6.59,46.4,100,67,14.99
443,Norman Wells,CA,2020-10-29 04:28:10,65.28,-126.83,1.4,84,20,4.7
444,Nizwa,OM,2020-10-29 04:28:10,22.93,57.53,75.88,20,0,1.99
445,Belaya Gora,RU,2020-10-29 04:28:10,68.53,146.42,7.39,95,100,5.28
446,Sao Joao Del Rei,BR,2020-10-29 04:28:10,-21.14,-44.26,67.24,80,0,2.01
447,Necochea,AR,2020-10-29 04:28:10,-38.55,-58.74,51.01,78,8,17.0
448,Eregli,TR,2020-10-29 04:28:11,37.51,34.05,48.13,52,0,1.16
449,Karratha,AU,2020-10-29 04:28:11,-20.74,116.85,85.96,46,1,11.88
450,Torbay,CA,2020-10-29 04:28:11,47.67,-52.73,32.0,92,75,3.36
451,Berezovyy,RU,2020-10-29 04:28:11,51.67,135.7,40.19,68,77,3.89
452,Sioux Lookout,CA,2020-10-29 04:28:11,50.1,-91.92,21.2,67,90,9.17
453,Fukue,JP,2020-10-29 04:28:12,32.69,128.84,71.6,49,20,12.75
454,El Tigre,VE,2020-10-29 04:28:12,8.89,-64.25,75.96,86,68,4.16
455,Russell,US,2020-10-29 04:28:12,32.35,-85.2,77.0,78,90,11.41
456,Sompeta,IN,2020-10-29 04:28:12,18.93,84.6,83.05,51,1,6.85
457,Vengerovo,RU,2020-10-29 04:28:13,55.68,76.75,22.68,94,0,8.55
458,Honiara,SB,2020-10-29 04:28:13,-9.43,159.95,84.2,79,90,5.82
459,Quelimane,MZ,2020-10-29 04:28:13,-17.88,36.89,69.8,100,20,0.78
460,Devonport,AU,2020-10-29 04:28:13,-41.17,146.35,62.01,60,18,1.99
461,Lavrentiya,RU,2020-10-29 04:28:14,65.58,-171.0,26.13,88,100,5.19
462,Sobolevo,RU,2020-10-29 04:28:14,54.43,31.9,39.52,91,46,6.96
463,Tacuarembo,UY,2020-10-29 04:28:14,-31.73,-55.98,52.12,87,2,12.37
464,Poum,NC,2020-10-29 04:28:14,-20.23,164.02,77.63,73,6,17.72
465,Colwyn Bay,GB,2020-10-29 04:28:15,53.29,-3.73,48.99,85,70,5.99
466,Kaitangata,NZ,2020-10-29 04:28:15,-46.28,169.85,53.01,86,92,14.0
467,Kissing,DE,2020-10-29 04:28:15,48.3,10.97,52.0,81,100,13.87
468,Nalut,LY,2020-10-29 04:28:15,30.33,10.85,52.59,71,0,10.8
469,Santa Marinella,IT,2020-10-29 04:28:16,42.03,11.85,50.0,90,8,3.47
470,Jawar,IN,2020-10-29 04:28:16,23.0,76.5,78.13,33,0,1.25
471,Puerto Narino,CO,2020-10-29 04:28:16,-3.77,-70.38,78.8,100,40,2.39
472,Yanam,IN,2020-10-29 04:25:31,16.73,82.22,86.16,49,34,4.94
473,Jieshi,CN,2020-10-29 04:28:16,22.81,115.83,82.0,61,95,1.99
474,Ipixuna,BR,2020-10-29 04:28:17,-1.76,-48.8,77.0,94,0,4.7
475,Dali,CN,2020-10-29 04:28:17,25.7,100.18,66.96,69,68,2.66
476,Humaita,BR,2020-10-29 04:28:17,-7.51,-63.02,77.09,79,75,1.07
477,Cayenne,GF,2020-10-29 04:26:38,4.93,-52.33,78.8,94,0,9.35
478,Auki,SB,2020-10-29 04:28:18,-8.77,160.7,85.37,69,100,3.44
479,Lompoc,US,2020-10-29 04:24:05,34.64,-120.46,53.6,62,1,5.75
480,Thunder Bay,CA,2020-10-29 04:27:49,48.4,-89.32,28.99,54,75,8.05
481,Petropavlovsk-Kamchatskiy,RU,2020-10-29 04:23:28,53.05,158.65,44.6,70,20,6.71
482,Ormara,PK,2020-10-29 04:28:18,25.21,64.64,77.11,34,0,14.16
483,Cooma,AU,2020-10-29 04:28:19,-36.23,149.13,59.0,67,75,10.29
484,Namatanai,PG,2020-10-29 04:28:19,-3.67,152.43,85.82,66,62,1.34
485,Sennoy,RU,2020-10-29 04:28:19,52.15,46.96,30.42,91,0,4.59
486,Pierre,US,2020-10-29 04:28:19,44.37,-100.35,37.0,80,90,2.3
487,Alyangula,AU,2020-10-29 04:28:19,-13.85,136.42,95.0,30,4,8.05
488,Iquique,CL,2020-10-29 04:28:19,-20.22,-70.14,62.6,67,75,6.93
489,Portree,GB,2020-10-29 04:28:20,57.41,-6.19,45.0,87,40,4.0
490,Coahuayana,MX,2020-10-29 04:28:20,18.73,-103.68,77.59,88,38,1.61
491,Huarmey,PE,2020-10-29 04:28:20,-10.07,-78.15,62.82,84,42,8.84
492,Red Wing,US,2020-10-29 04:28:20,44.56,-92.53,41.0,75,90,5.82
493,Denpasar,ID,2020-10-29 04:23:57,-8.65,115.22,83.35,78,13,11.07
494,Miram Shah,PK,2020-10-29 04:28:21,33.01,70.07,70.09,23,0,2.86
495,Boras,SE,2020-10-29 04:23:38,57.72,12.94,45.0,100,75,8.05
496,Lamu,KE,2020-10-29 04:28:21,-2.27,40.9,80.6,78,75,6.93
497,Aripuana,BR,2020-10-29 04:28:21,-9.17,-60.63,75.74,82,68,0.98
498,Bemidji,US,2020-10-29 04:23:56,47.47,-94.88,28.99,68,90,8.05
499,Kuytun,RU,2020-10-29 04:28:22,54.34,101.5,35.87,80,99,2.66
500,Linxia,CN,2020-10-29 04:28:22,35.6,103.21,48.43,50,0,1.92
501,Waterloo,CA,2020-10-29 04:28:22,43.47,-80.52,39.99,86,1,5.41
502,Sarh,TD,2020-10-29 04:28:22,9.14,18.39,73.4,88,0,2.37
503,Sambava,MG,2020-10-29 04:28:23,-14.27,50.17,75.92,81,16,10.45
504,Panzhihua,CN,2020-10-29 04:28:23,26.59,101.71,77.14,60,59,2.15
505,Bathsheba,BB,2020-10-29 04:28:23,13.22,-59.52,77.0,94,75,20.8
506,Port-Gentil,GA,2020-10-29 04:28:23,-0.72,8.78,78.67,85,93,10.11
507,Yumen,CN,2020-10-29 04:28:23,40.28,97.2,52.12,40,32,16.87
508,Kalmunai,LK,2020-10-29 04:28:24,7.42,81.82,86.4,59,64,6.78
509,Loukhi,RU,2020-10-29 04:28:24,66.08,33.04,43.72,91,100,12.55
510,Lalmohan,BD,2020-10-29 04:28:24,22.34,90.74,83.61,72,0,9.42
511,Kiunga,PG,2020-10-29 04:28:24,-6.12,141.29,94.19,46,71,2.08
512,Atambua,ID,2020-10-29 04:28:25,-9.11,124.89,88.14,50,26,2.33
513,Codrington,AU,2020-10-29 04:28:25,-38.27,141.97,60.31,74,100,3.83
514,Kindersley,CA,2020-10-29 04:28:25,51.47,-109.17,30.2,74,75,11.41
515,Burnie,AU,2020-10-29 04:28:25,-41.07,145.92,57.72,69,30,6.49
516,Norwalk,US,2020-10-29 04:27:11,33.9,-118.08,64.4,55,1,3.13
517,Gurgentepe,TR,2020-10-29 04:28:25,40.79,37.6,60.8,100,40,1.12
518,Portland,US,2020-10-29 04:24:47,45.52,-122.68,54.0,81,20,3.36
519,Newport,GB,2020-10-29 04:28:26,51.59,-3.0,52.0,91,100,1.01
520,Matagami,CA,2020-10-29 04:28:26,49.75,-77.63,24.8,92,90,10.29
521,Ayr,GB,2020-10-29 04:24:00,55.46,-4.63,46.4,87,40,8.05
522,Lagoa Vermelha,BR,2020-10-29 04:28:27,-28.21,-51.53,53.46,72,0,0.85
523,Jiuquan,CN,2020-10-29 04:28:27,39.74,98.52,52.11,39,0,7.18
524,Ahuimanu,US,2020-10-29 04:28:27,21.44,-157.84,80.01,94,90,16.11
525,Machali,CL,2020-10-29 04:28:27,-34.18,-70.67,50.13,59,0,2.95
526,Viet Tri,VN,2020-10-29 04:24:21,21.3,105.43,71.6,83,90,10.29
527,Inverell,AU,2020-10-29 04:28:28,-29.78,151.12,73.99,37,18,5.99
528,Solnechnyy,RU,2020-10-29 04:28:28,50.72,136.63,35.73,84,99,10.09
529,Port Lincoln,AU,2020-10-29 04:28:28,-34.73,135.87,58.84,65,78,23.44
530,Varhaug,NO,2020-10-29 04:28:28,58.61,5.65,44.01,99,77,5.73
531,Rockhampton,AU,2020-10-29 04:23:54,-23.38,150.5,87.8,23,0,10.29
532,Wawa,NG,2020-10-29 04:28:29,9.9,4.42,73.67,46,0,0.58
533,Nurota,UZ,2020-10-29 04:28:29,40.56,65.69,42.8,35,0,16.11
534,Ouargaye,BF,2020-10-29 04:28:30,11.5,0.06,74.34,23,11,3.96
535,Mazatlan,MX,2020-10-29 04:26:06,23.22,-106.42,77.0,64,20,5.82
536,Rohri,PK,2020-10-29 04:28:30,27.69,68.9,73.4,78,0,6.11
537,Lugovoy,KZ,2020-10-29 04:28:30,42.95,72.76,36.01,72,4,3.98
538,Zaysan,KZ,2020-10-29 04:23:59,47.47,84.87,38.26,68,98,9.55
539,Kyrnasivka,UA,2020-10-29 04:28:31,48.6,28.98,50.0,92,77,2.73
540,Filadelfia,US,2020-10-29 04:26:23,39.95,-75.16,59.0,77,90,3.89
541,Fairlie,GB,2020-10-29 04:28:31,55.76,-4.86,46.4,81,90,11.41
542,Haverfordwest,GB,2020-10-29 04:28:31,51.8,-4.97,53.6,93,100,28.86
543,Mapimi,MX,2020-10-29 04:28:31,25.82,-103.85,57.36,37,0,3.38
544,Chute-Aux-Outardes,CA,2020-10-29 04:28:32,49.12,-68.4,33.8,91,90,16.11
